node1	node2
AKT1	MAPK1
AKT1	PIK3R2
AKT1	CCND1
AKT1	KRAS
AKT1	MDM2
AKT1	CDH1
AKT1	PIK3R3
AKT1	MAPK3
AKT1	PIK3CA
AKT1	FGF2
AKT1	EGF
AKT1	TP53
AKT1	PTEN
AKT1	PIK3CD
AKT1	AKT2
AKT1	IGF1
AKT1	BAD
AKT1	CDKN1A
AKT1	RAF1
AKT1	PIK3R1
AKT1	AKT3
AKT1	PIK3CB
AKT2	MAPK1
AKT2	PIK3R2
AKT2	MDM2
AKT2	PIK3R3
AKT2	MAPK3
AKT2	PIK3CA
AKT2	TP53
AKT2	PIK3CD
AKT2	BAD
AKT2	RAF1
AKT2	CDKN1A
AKT2	AKT3
AKT2	PIK3R1
AKT2	PIK3CB
AKT2	AKT1
AKT3	MAPK1
AKT3	PIK3R2
AKT3	MDM2
AKT3	PIK3R3
AKT3	MAPK3
AKT3	PIK3CA
AKT3	TP53
AKT3	PIK3CD
AKT3	AKT2
AKT3	BAD
AKT3	CDKN1A
AKT3	RAF1
AKT3	PIK3R1
AKT3	AKT1
AKT3	PIK3CB
ARAF	KRAS
ARAF	MAP2K2
ARAF	MAP2K1
ARAF	NRAS
ARAF	RAF1
ARAF	HRAS
ARAF	BRAF
BAD	MAPK1
BAD	MAPK3
BAD	MAP2K1
BAD	AKT2
BAD	AKT3
BAD	RAF1
BAD	AKT1
BAK1	TP53
BAK1	BAX
BAX	TP53
BAX	BAK1
BRAF	MAPK1
BRAF	KRAS
BRAF	MAP2K2
BRAF	MAPK3
BRAF	PIK3CA
BRAF	ARAF
BRAF	MAP2K1
BRAF	NRAS
BRAF	PTEN
BRAF	RAF1
BRAF	HRAS
CCND1	AKT1
CCND1	MDM2
CCND1	E2F1
CCND1	TP53
CCND1	RB1
CCND1	CDKN2A
CCND1	CDK4
CCND1	CDK6
CCND1	CDKN1A
CDH1	MDM2
CDH1	AKT1
CDH1	PTEN
CDH1	MET
CDH1	EGFR
CDK4	CCND1
CDK4	E2F1
CDK4	TP53
CDK4	RB1
CDK4	CDKN2A
CDK4	CDKN1A
CDK4	CDK6
CDK6	CCND1
CDK6	CDK4
CDK6	E2F1
CDK6	RB1
CDK6	CDKN1A
CDK6	CDKN2A
CDKN1A	CCND1
CDKN1A	CDK4
CDKN1A	MDM2
CDKN1A	CDK6
CDKN1A	TP53
CDKN1A	E2F1
CDKN1A	GADD45A
CDKN1A	AKT2
CDKN1A	AKT3
CDKN1A	CDKN2A
CDKN1A	AKT1
CDKN2A	CCND1
CDKN2A	KRAS
CDKN2A	CDK4
CDKN2A	MDM2
CDKN2A	CDK6
CDKN2A	TP53
CDKN2A	EGFR
CDKN2A	E2F1
CDKN2A	NRAS
CDKN2A	PTEN
CDKN2A	CDKN1A
CDKN2A	HRAS
DDB2	TP53
E2F1	CCND1
E2F1	CDK4
E2F1	MDM2
E2F1	E2F3
E2F1	CDK6
E2F1	RB1
E2F1	TP53
E2F1	CDKN2A
E2F1	CDKN1A
E2F1	E2F2
E2F2	E2F3
E2F2	RB1
E2F2	E2F1
E2F3	E2F2
E2F3	E2F1
E2F3	RB1
EGF	FGF4
EGF	FGF20
EGF	FGF22
EGF	FGF6
EGF	PDGFRA
EGF	PDGFRB
EGF	FGF2
EGF	FGF10
EGF	PIK3R1
EGF	FGFR1
EGF	AKT1
EGF	PDGFC
EGF	PDGFD
EGF	MET
EGF	PDGFA
EGF	PDGFB
EGF	FGF9
EGF	FGF17
EGF	FGF18
EGF	FGF3
EGF	FGF16
EGF	FGF8
EGF	FGF7
EGF	FGF5
EGF	IGF1
EGF	IGF1R
EGF	EGFR
EGFR	FGF4
EGFR	FGF20
EGFR	FGF22
EGFR	PIK3R2
EGFR	HGF
EGFR	FGF6
EGFR	KRAS
EGFR	PDGFRA
EGFR	CDH1
EGFR	PDGFRB
EGFR	PIK3R3
EGFR	PIK3CA
EGFR	FGF2
EGFR	FGF10
EGFR	EGF
EGFR	FGF7
EGFR	TP53
EGFR	FGF18
EGFR	CDKN2A
EGFR	FGF8
EGFR	FGF5
EGFR	FGF17
EGFR	FGF16
EGFR	FGF9
EGFR	FGF3
EGFR	PDGFD
EGFR	PIK3CD
EGFR	PDGFC
EGFR	PDGFA
EGFR	PDGFB
EGFR	PTEN
EGFR	IGF1R
EGFR	NRAS
EGFR	IGF1
EGFR	PIK3CB
EGFR	HRAS
EGFR	MET
EGFR	PIK3R1
FGF1	FGF2
FGF1	FGF17
FGF1	FGFR1
FGF10	PDGFRB
FGF10	EGFR
FGF10	EGF
FGF10	FGFR1
FGF16	EGF
FGF16	EGFR
FGF16	FGFR1
FGF17	FGF23
FGF17	FGF2
FGF17	EGF
FGF17	EGFR
FGF17	FGF1
FGF17	FGFR1
FGF18	FGF23
FGF18	EGF
FGF18	EGFR
FGF18	FGFR1
FGF19	FGFR1
FGF2	HGF
FGF2	PDGFRA
FGF2	PDGFRB
FGF2	IGF1R
FGF2	MET
FGF2	AKT1
FGF2	PDGFB
FGF2	FGF17
FGF2	EGFR
FGF2	FGF1
FGF2	EGF
FGF2	FGFR1
FGF20	EGFR
FGF20	EGF
FGF20	FGFR1
FGF21	FGFR1
FGF22	FGF23
FGF22	EGFR
FGF22	EGF
FGF22	FGFR1
FGF23	FGF22
FGF23	FGF18
FGF23	FGF17
FGF23	FGF9
FGF23	FGF8
FGF23	FGFR1
FGF3	EGF
FGF3	EGFR
FGF3	FGFR1
FGF4	EGFR
FGF4	EGF
FGF4	FGFR1
FGF5	PDGFRA
FGF5	EGF
FGF5	EGFR
FGF5	FGFR1
FGF6	EGFR
FGF6	EGF
FGF6	FGFR1
FGF7	PDGFRB
FGF7	EGF
FGF7	MET
FGF7	EGFR
FGF7	FGFR1
FGF8	FGF23
FGF8	EGF
FGF8	EGFR
FGF8	FGFR1
FGF9	FGF23
FGF9	EGF
FGF9	EGFR
FGF9	FGFR1
FGFR1	FGF4
FGFR1	FGF20
FGFR1	FGF22
FGFR1	PIK3R2
FGFR1	FGF6
FGFR1	FGF23
FGFR1	KRAS
FGFR1	PIK3R3
FGFR1	PIK3CA
FGFR1	FGF2
FGFR1	FGF10
FGFR1	EGF
FGFR1	FGF7
FGFR1	FGF18
FGFR1	FGF19
FGFR1	FGF5
FGFR1	FGF8
FGFR1	FGF3
FGFR1	FGF17
FGFR1	NRAS
FGFR1	PIK3CD
FGFR1	FGF9
FGFR1	PIK3CB
FGFR1	HRAS
FGFR1	PIK3R1
FGFR1	FGF21
FGFR1	FGF1
FGFR1	FGF16
GADD45A	GADD45B
GADD45A	GADD45G
GADD45A	TP53
GADD45A	CDKN1A
GADD45B	GADD45G
GADD45B	TP53
GADD45B	GADD45A
GADD45G	GADD45B
GADD45G	TP53
GADD45G	GADD45A
HGF	FGF2
HGF	IGF1R
HGF	EGFR
HGF	MET
HRAS	MAPK1
HRAS	PIK3R2
HRAS	KRAS
HRAS	PDGFRA
HRAS	PDGFRB
HRAS	PIK3R3
HRAS	MAP2K2
HRAS	MAPK3
HRAS	PIK3CA
HRAS	TP53
HRAS	EGFR
HRAS	ARAF
HRAS	MAP2K1
HRAS	MET
HRAS	NRAS
HRAS	PIK3CD
HRAS	FGFR1
HRAS	RAF1
HRAS	IGF1R
HRAS	PIK3CB
HRAS	CDKN2A
HRAS	PIK3R1
HRAS	BRAF
IGF1	PDGFRB
IGF1	EGF
IGF1	EGFR
IGF1	MET
IGF1	PDGFB
IGF1	PDGFA
IGF1	PDGFD
IGF1	AKT1
IGF1	PDGFC
IGF1	IGF1R
IGF1R	PIK3R2
IGF1R	HGF
IGF1R	KRAS
IGF1R	MDM2
IGF1R	PIK3R3
IGF1R	PIK3CA
IGF1R	FGF2
IGF1R	EGF
IGF1R	EGFR
IGF1R	NRAS
IGF1R	PIK3CD
IGF1R	IGF1
IGF1R	HRAS
IGF1R	PIK3R1
IGF1R	PIK3CB
KRAS	MAPK1
KRAS	PIK3R2
KRAS	AKT1
KRAS	PTEN
KRAS	NRAS
KRAS	TP53
KRAS	PIK3R3
KRAS	PDGFRB
KRAS	PIK3R1
KRAS	MAP2K2
KRAS	IGF1R
KRAS	PIK3CB
KRAS	PIK3CD
KRAS	PDGFRA
KRAS	MET
KRAS	FGFR1
KRAS	MAPK3
KRAS	HRAS
KRAS	CDKN2A
KRAS	MAP2K1
KRAS	ARAF
KRAS	EGFR
KRAS	PIK3CA
KRAS	BRAF
KRAS	RAF1
MAP2K1	MAPK1
MAP2K1	KRAS
MAP2K1	MAP2K2
MAP2K1	MAPK3
MAP2K1	ARAF
MAP2K1	BAD
MAP2K1	NRAS
MAP2K1	HRAS
MAP2K1	BRAF
MAP2K1	RAF1
MAP2K2	MAPK1
MAP2K2	KRAS
MAP2K2	NRAS
MAP2K2	HRAS
MAP2K2	MAPK3
MAP2K2	ARAF
MAP2K2	MAP2K1
MAP2K2	RAF1
MAP2K2	BRAF
MAPK1	BAD
MAPK1	AKT3
MAPK1	AKT2
MAPK1	MITF
MAPK1	BRAF
MAPK1	NRAS
MAPK1	RAF1
MAPK1	HRAS
MAPK1	AKT1
MAPK1	KRAS
MAPK1	MAPK3
MAPK1	TP53
MAPK1	MAP2K1
MAPK1	MAP2K2
MAPK3	MAPK1
MAPK3	KRAS
MAPK3	MAP2K2
MAPK3	AKT3
MAPK3	BAD
MAPK3	MITF
MAPK3	AKT1
MAPK3	BRAF
MAPK3	RAF1
MAPK3	AKT2
MAPK3	NRAS
MAPK3	HRAS
MAPK3	TP53
MAPK3	MAP2K1
MDM2	CCND1
MDM2	PTEN
MDM2	CDH1
MDM2	AKT2
MDM2	AKT3
MDM2	CDKN1A
MDM2	IGF1R
MDM2	E2F1
MDM2	RB1
MDM2	AKT1
MDM2	CDKN2A
MDM2	TP53
MET	HGF
MET	KRAS
MET	CDH1
MET	PIK3CA
MET	FGF2
MET	EGF
MET	FGF7
MET	EGFR
MET	IGF1
MET	PIK3CD
MET	PIK3CB
MET	HRAS
MET	NRAS
MITF	MAPK1
MITF	MAPK3
NRAS	MAPK1
NRAS	PIK3R2
NRAS	KRAS
NRAS	PDGFRA
NRAS	PDGFRB
NRAS	PIK3R3
NRAS	MAP2K2
NRAS	MAPK3
NRAS	PIK3CA
NRAS	EGFR
NRAS	ARAF
NRAS	MAP2K1
NRAS	MET
NRAS	HRAS
NRAS	PIK3CB
NRAS	PIK3CD
NRAS	PIK3R1
NRAS	IGF1R
NRAS	FGFR1
NRAS	CDKN2A
NRAS	BRAF
NRAS	RAF1
PDGFA	PDGFRA
PDGFA	PDGFRB
PDGFA	EGF
PDGFA	EGFR
PDGFA	PDGFB
PDGFA	IGF1
PDGFA	PDGFD
PDGFA	PDGFC
PDGFB	PDGFRA
PDGFB	PDGFRB
PDGFB	FGF2
PDGFB	EGF
PDGFB	EGFR
PDGFB	IGF1
PDGFB	PDGFD
PDGFB	PDGFC
PDGFB	PDGFA
PDGFC	PDGFRA
PDGFC	PDGFRB
PDGFC	EGF
PDGFC	EGFR
PDGFC	PDGFB
PDGFC	PDGFA
PDGFC	IGF1
PDGFC	PDGFD
PDGFD	PDGFRA
PDGFD	PDGFRB
PDGFD	EGF
PDGFD	EGFR
PDGFD	PDGFB
PDGFD	PDGFA
PDGFD	IGF1
PDGFD	PDGFC
PDGFRA	PIK3R2
PDGFRA	KRAS
PDGFRA	FGF5
PDGFRA	PIK3CD
PDGFRA	PIK3R3
PDGFRA	PIK3CB
PDGFRA	HRAS
PDGFRA	NRAS
PDGFRA	FGF2
PDGFRA	EGFR
PDGFRA	EGF
PDGFRA	PDGFRB
PDGFRA	PIK3CA
PDGFRA	PIK3R1
PDGFRA	PDGFC
PDGFRA	PDGFA
PDGFRA	PDGFB
PDGFRA	PDGFD
PDGFRB	PIK3R2
PDGFRB	KRAS
PDGFRB	PDGFRA
PDGFRB	FGF7
PDGFRB	FGF10
PDGFRB	IGF1
PDGFRB	PIK3CD
PDGFRB	PTEN
PDGFRB	FGF2
PDGFRB	PIK3R3
PDGFRB	NRAS
PDGFRB	PIK3CB
PDGFRB	HRAS
PDGFRB	PIK3CA
PDGFRB	EGF
PDGFRB	EGFR
PDGFRB	PDGFA
PDGFRB	PDGFB
PDGFRB	PIK3R1
PDGFRB	PDGFD
PDGFRB	PDGFC
PIK3CA	PIK3R2
PIK3CA	KRAS
PIK3CA	PDGFRA
PIK3CA	PDGFRB
PIK3CA	PIK3R3
PIK3CA	TP53
PIK3CA	BRAF
PIK3CA	MET
PIK3CA	RAF1
PIK3CA	FGFR1
PIK3CA	IGF1R
PIK3CA	AKT3
PIK3CA	AKT2
PIK3CA	HRAS
PIK3CA	PTEN
PIK3CA	NRAS
PIK3CA	PIK3CD
PIK3CA	PIK3CB
PIK3CA	AKT1
PIK3CA	EGFR
PIK3CA	PIK3R1
PIK3CB	PIK3R2
PIK3CB	KRAS
PIK3CB	PDGFRA
PIK3CB	PDGFRB
PIK3CB	PIK3R3
PIK3CB	PIK3CA
PIK3CB	EGFR
PIK3CB	MET
PIK3CB	NRAS
PIK3CB	PTEN
PIK3CB	PIK3CD
PIK3CB	AKT2
PIK3CB	FGFR1
PIK3CB	RAF1
PIK3CB	HRAS
PIK3CB	PIK3R1
PIK3CB	AKT1
PIK3CB	IGF1R
PIK3CB	AKT3
PIK3CD	PIK3R2
PIK3CD	KRAS
PIK3CD	PDGFRA
PIK3CD	PDGFRB
PIK3CD	PIK3R3
PIK3CD	PIK3CA
PIK3CD	EGFR
PIK3CD	MET
PIK3CD	NRAS
PIK3CD	PTEN
PIK3CD	FGFR1
PIK3CD	RAF1
PIK3CD	IGF1R
PIK3CD	AKT3
PIK3CD	AKT2
PIK3CD	HRAS
PIK3CD	AKT1
PIK3CD	PIK3CB
PIK3CD	PIK3R1
PIK3R1	PIK3R2
PIK3R1	KRAS
PIK3R1	PDGFRA
PIK3R1	PDGFRB
PIK3R1	PIK3R3
PIK3R1	PIK3CA
PIK3R1	EGF
PIK3R1	EGFR
PIK3R1	NRAS
PIK3R1	PTEN
PIK3R1	PIK3CD
PIK3R1	AKT2
PIK3R1	FGFR1
PIK3R1	RAF1
PIK3R1	HRAS
PIK3R1	AKT3
PIK3R1	IGF1R
PIK3R1	AKT1
PIK3R1	PIK3CB
PIK3R2	RAF1
PIK3R2	HRAS
PIK3R2	NRAS
PIK3R2	PDGFRA
PIK3R2	KRAS
PIK3R2	FGFR1
PIK3R2	AKT2
PIK3R2	IGF1R
PIK3R2	AKT3
PIK3R2	AKT1
PIK3R2	PDGFRB
PIK3R2	PTEN
PIK3R2	EGFR
PIK3R2	PIK3R3
PIK3R2	PIK3R1
PIK3R2	PIK3CB
PIK3R2	PIK3CD
PIK3R2	PIK3CA
PIK3R3	PIK3R2
PIK3R3	KRAS
PIK3R3	PDGFRA
PIK3R3	PDGFRB
PIK3R3	RAF1
PIK3R3	HRAS
PIK3R3	NRAS
PIK3R3	FGFR1
PIK3R3	AKT2
PIK3R3	PTEN
PIK3R3	AKT1
PIK3R3	AKT3
PIK3R3	IGF1R
PIK3R3	EGFR
PIK3R3	PIK3R1
PIK3R3	PIK3CA
PIK3R3	PIK3CD
PIK3R3	PIK3CB
POLK	TP53
PTEN	PIK3R2
PTEN	KRAS
PTEN	MDM2
PTEN	CDH1
PTEN	PDGFRB
PTEN	PIK3R3
PTEN	PIK3CA
PTEN	TP53
PTEN	EGFR
PTEN	CDKN2A
PTEN	BRAF
PTEN	PIK3CD
PTEN	PIK3CB
PTEN	AKT1
PTEN	PIK3R1
RAF1	MAPK1
RAF1	PIK3R2
RAF1	KRAS
RAF1	PIK3R3
RAF1	MAP2K2
RAF1	MAPK3
RAF1	PIK3CA
RAF1	ARAF
RAF1	MAP2K1
RAF1	NRAS
RAF1	PIK3CD
RAF1	AKT2
RAF1	BAD
RAF1	AKT3
RAF1	PIK3CB
RAF1	PIK3R1
RAF1	AKT1
RAF1	HRAS
RAF1	BRAF
RB1	CCND1
RB1	CDK4
RB1	MDM2
RB1	E2F3
RB1	CDK6
RB1	TP53
RB1	E2F1
RB1	E2F2
TP53	GADD45B
TP53	MAPK1
TP53	CCND1
TP53	POLK
TP53	GADD45G
TP53	KRAS
TP53	DDB2
TP53	CDK4
TP53	MDM2
TP53	MAPK3
TP53	PIK3CA
TP53	RB1
TP53	HRAS
TP53	EGFR
TP53	AKT3
TP53	AKT2
TP53	E2F1
TP53	GADD45A
TP53	BAX
TP53	AKT1
TP53	BAK1
TP53	CDKN1A
TP53	CDKN2A
TP53	PTEN
